<?xml version="1.0" encoding="UTF-8"?>
<GenRun Id="impl_1" LaunchPart="xc7a35tcsg324-1" LaunchTime="1693823425">
  <File Type="OPT-HWDEF" Name="riscv_top.hwdef"/>
  <File Type="ROUTE-BUS-SKEW" Name="riscv_top_bus_skew_routed.rpt"/>
  <File Type="PA-DCP" Name="riscv_top.dcp"/>
  <File Type="BITSTR-BMM" Name="riscv_top_bd.bmm"/>
  <File Type="OPT-METHODOLOGY-DRC" Name="riscv_top_methodology_drc_opted.rpt"/>
  <File Type="INIT-TIMING" Name="riscv_top_timing_summary_init.rpt"/>
  <File Type="ROUTE-PWR" Name="riscv_top_power_routed.rpt"/>
  <File Type="PA-TCL" Name="riscv_top.tcl"/>
  <File Type="OPT-TIMING" Name="riscv_top_timing_summary_opted.rpt"/>
  <File Type="OPT-DCP" Name="riscv_top_opt.dcp"/>
  <File Type="ROUTE-PWR-SUM" Name="riscv_top_power_summary_routed.pb"/>
  <File Type="REPORTS-TCL" Name="riscv_top_reports.tcl"/>
  <File Type="OPT-DRC" Name="riscv_top_drc_opted.rpt"/>
  <File Type="PWROPT-DCP" Name="riscv_top_pwropt.dcp"/>
  <File Type="PWROPT-DRC" Name="riscv_top_drc_pwropted.rpt"/>
  <File Type="PWROPT-TIMING" Name="riscv_top_timing_summary_pwropted.rpt"/>
  <File Type="PLACE-DCP" Name="riscv_top_placed.dcp"/>
  <File Type="PLACE-IO" Name="riscv_top_io_placed.rpt"/>
  <File Type="PLACE-CLK" Name="riscv_top_clock_utilization_placed.rpt"/>
  <File Type="PLACE-UTIL" Name="riscv_top_utilization_placed.rpt"/>
  <File Type="PLACE-UTIL-PB" Name="riscv_top_utilization_placed.pb"/>
  <File Type="PLACE-CTRL" Name="riscv_top_control_sets_placed.rpt"/>
  <File Type="PLACE-SIMILARITY" Name="riscv_top_incremental_reuse_placed.rpt"/>
  <File Type="PLACE-PRE-SIMILARITY" Name="riscv_top_incremental_reuse_pre_placed.rpt"/>
  <File Type="PLACE-TIMING" Name="riscv_top_timing_summary_placed.rpt"/>
  <File Type="POSTPLACE-PWROPT-DCP" Name="riscv_top_postplace_pwropt.dcp"/>
  <File Type="BG-BIN" Name="riscv_top.bin"/>
  <File Type="POSTPLACE-PWROPT-TIMING" Name="riscv_top_timing_summary_postplace_pwropted.rpt"/>
  <File Type="PHYSOPT-DCP" Name="riscv_top_physopt.dcp"/>
  <File Type="PHYSOPT-DRC" Name="riscv_top_drc_physopted.rpt"/>
  <File Type="BITSTR-MSK" Name="riscv_top.msk"/>
  <File Type="PHYSOPT-TIMING" Name="riscv_top_timing_summary_physopted.rpt"/>
  <File Type="ROUTE-ERROR-DCP" Name="riscv_top_routed_error.dcp"/>
  <File Type="ROUTE-DCP" Name="riscv_top_routed.dcp"/>
  <File Type="ROUTE-BLACKBOX-DCP" Name="riscv_top_routed_bb.dcp"/>
  <File Type="ROUTE-DRC" Name="riscv_top_drc_routed.rpt"/>
  <File Type="ROUTE-DRC-PB" Name="riscv_top_drc_routed.pb"/>
  <File Type="ROUTE-DRC-RPX" Name="riscv_top_drc_routed.rpx"/>
  <File Type="BITSTR-MMI" Name="riscv_top.mmi"/>
  <File Type="ROUTE-METHODOLOGY-DRC" Name="riscv_top_methodology_drc_routed.rpt"/>
  <File Type="ROUTE-METHODOLOGY-DRC-RPX" Name="riscv_top_methodology_drc_routed.rpx"/>
  <File Type="ROUTE-METHODOLOGY-DRC-PB" Name="riscv_top_methodology_drc_routed.pb"/>
  <File Type="ROUTE-PWR-RPX" Name="riscv_top_power_routed.rpx"/>
  <File Type="ROUTE-STATUS" Name="riscv_top_route_status.rpt"/>
  <File Type="ROUTE-STATUS-PB" Name="riscv_top_route_status.pb"/>
  <File Type="ROUTE-TIMINGSUMMARY" Name="riscv_top_timing_summary_routed.rpt"/>
  <File Type="ROUTE-TIMING-PB" Name="riscv_top_timing_summary_routed.pb"/>
  <File Type="ROUTE-TIMING-RPX" Name="riscv_top_timing_summary_routed.rpx"/>
  <File Type="ROUTE-SIMILARITY" Name="riscv_top_incremental_reuse_routed.rpt"/>
  <File Type="ROUTE-CLK" Name="riscv_top_clock_utilization_routed.rpt"/>
  <File Type="ROUTE-BUS-SKEW-PB" Name="riscv_top_bus_skew_routed.pb"/>
  <File Type="ROUTE-BUS-SKEW-RPX" Name="riscv_top_bus_skew_routed.rpx"/>
  <File Type="POSTROUTE-PHYSOPT-DCP" Name="riscv_top_postroute_physopt.dcp"/>
  <File Type="POSTROUTE-PHYSOPT-BLACKBOX-DCP" Name="riscv_top_postroute_physopt_bb.dcp"/>
  <File Type="POSTROUTE-PHYSOPT-TIMING" Name="riscv_top_timing_summary_postroute_physopted.rpt"/>
  <File Type="POSTROUTE-PHYSOPT-TIMING-PB" Name="riscv_top_timing_summary_postroute_physopted.pb"/>
  <File Type="POSTROUTE-PHYSOPT-TIMING-RPX" Name="riscv_top_timing_summary_postroute_physopted.rpx"/>
  <File Type="POSTROUTE-PHYSOPT-BUS-SKEW" Name="riscv_top_bus_skew_postroute_physopted.rpt"/>
  <File Type="POSTROUTE-PHYSOPT-BUS-SKEW-PB" Name="riscv_top_bus_skew_postroute_physopted.pb"/>
  <File Type="BG-BIT" Name="riscv_top.bit"/>
  <File Type="POSTROUTE-PHYSOPT-BUS-SKEW-RPX" Name="riscv_top_bus_skew_postroute_physopted.rpx"/>
  <File Type="BITSTR-RBT" Name="riscv_top.rbt"/>
  <File Type="BITSTR-NKY" Name="riscv_top.nky"/>
  <File Type="PDI-FILE" Name="riscv_top.pdi"/>
  <File Type="RCFI_FILE" Name="riscv_top.rcfi"/>
  <File Type="CFI_FILE" Name="riscv_top.cfi"/>
  <File Type="RNPI_FILE" Name="riscv_top.rnpi"/>
  <File Type="NPI_FILE" Name="riscv_top.npi"/>
  <File Type="RBD_FILE" Name="riscv_top.rbd"/>
  <File Type="BITSTR-LTX" Name="debug_nets.ltx"/>
  <File Type="BITSTR-LTX" Name="riscv_top.ltx"/>
  <File Type="BITSTR-SYSDEF" Name="riscv_top.sysdef"/>
  <File Type="BG-BGN" Name="riscv_top.bgn"/>
  <File Type="BG-DRC" Name="riscv_top.drc"/>
  <File Type="RDI-RDI" Name="riscv_top.vdi"/>
  <File Type="WBT-USG" Name="usage_statistics_webtalk.html"/>
  <FileSet Name="sources" Type="DesignSrcs" RelSrcDir="$PSRCDIR/sources_1">
    <Filter Type="Srcs"/>
    <File Path="$PSRCDIR/sources_1/ip/data_memory1/data_memory1.xci">
      <FileInfo>
        <Attr Name="UsedIn" Val="synthesis"/>
        <Attr Name="UsedIn" Val="implementation"/>
        <Attr Name="UsedIn" Val="simulation"/>
      </FileInfo>
    </File>
    <File Path="$PSRCDIR/sources_1/new/alu.v">
      <FileInfo>
        <Attr Name="UsedIn" Val="synthesis"/>
        <Attr Name="UsedIn" Val="implementation"/>
        <Attr Name="UsedIn" Val="simulation"/>
      </FileInfo>
    </File>
    <File Path="$PSRCDIR/sources_1/new/branch_judge.v">
      <FileInfo>
        <Attr Name="UsedIn" Val="synthesis"/>
        <Attr Name="UsedIn" Val="implementation"/>
        <Attr Name="UsedIn" Val="simulation"/>
      </FileInfo>
    </File>
    <File Path="$PSRCDIR/sources_1/new/define.v">
      <FileInfo>
        <Attr Name="UsedIn" Val="synthesis"/>
        <Attr Name="UsedIn" Val="implementation"/>
        <Attr Name="UsedIn" Val="simulation"/>
      </FileInfo>
    </File>
    <File Path="$PSRCDIR/sources_1/new/control.v">
      <FileInfo>
        <Attr Name="UsedIn" Val="synthesis"/>
        <Attr Name="UsedIn" Val="implementation"/>
        <Attr Name="UsedIn" Val="simulation"/>
      </FileInfo>
    </File>
    <File Path="$PSRCDIR/sources_1/new/datapath.v">
      <FileInfo>
        <Attr Name="UsedIn" Val="synthesis"/>
        <Attr Name="UsedIn" Val="implementation"/>
        <Attr Name="UsedIn" Val="simulation"/>
      </FileInfo>
    </File>
    <File Path="$PSRCDIR/sources_1/new/ex_mem_regs.v">
      <FileInfo>
        <Attr Name="UsedIn" Val="synthesis"/>
        <Attr Name="UsedIn" Val="implementation"/>
        <Attr Name="UsedIn" Val="simulation"/>
      </FileInfo>
    </File>
    <File Path="$PSRCDIR/sources_1/new/ex_stage.v">
      <FileInfo>
        <Attr Name="UsedIn" Val="synthesis"/>
        <Attr Name="UsedIn" Val="implementation"/>
        <Attr Name="UsedIn" Val="simulation"/>
      </FileInfo>
    </File>
    <File Path="$PSRCDIR/sources_1/new/forward_units.v">
      <FileInfo>
        <Attr Name="UsedIn" Val="synthesis"/>
        <Attr Name="UsedIn" Val="implementation"/>
        <Attr Name="UsedIn" Val="simulation"/>
      </FileInfo>
    </File>
    <File Path="$PSRCDIR/sources_1/new/id_ex_regs.v">
      <FileInfo>
        <Attr Name="UsedIn" Val="synthesis"/>
        <Attr Name="UsedIn" Val="implementation"/>
        <Attr Name="UsedIn" Val="simulation"/>
      </FileInfo>
    </File>
    <File Path="$PSRCDIR/sources_1/new/id_stage.v">
      <FileInfo>
        <Attr Name="UsedIn" Val="synthesis"/>
        <Attr Name="UsedIn" Val="implementation"/>
        <Attr Name="UsedIn" Val="simulation"/>
      </FileInfo>
    </File>
    <File Path="$PSRCDIR/sources_1/new/if_id_regs.v">
      <FileInfo>
        <Attr Name="UsedIn" Val="synthesis"/>
        <Attr Name="UsedIn" Val="implementation"/>
        <Attr Name="UsedIn" Val="simulation"/>
      </FileInfo>
    </File>
    <File Path="$PSRCDIR/sources_1/new/if_stage.v">
      <FileInfo>
        <Attr Name="UsedIn" Val="synthesis"/>
        <Attr Name="UsedIn" Val="implementation"/>
        <Attr Name="UsedIn" Val="simulation"/>
      </FileInfo>
    </File>
    <File Path="$PSRCDIR/sources_1/new/instr_decode.v">
      <FileInfo>
        <Attr Name="UsedIn" Val="synthesis"/>
        <Attr Name="UsedIn" Val="implementation"/>
        <Attr Name="UsedIn" Val="simulation"/>
      </FileInfo>
    </File>
    <File Path="$PSRCDIR/sources_1/new/mem_wb_regs.v">
      <FileInfo>
        <Attr Name="UsedIn" Val="synthesis"/>
        <Attr Name="UsedIn" Val="implementation"/>
        <Attr Name="UsedIn" Val="simulation"/>
      </FileInfo>
    </File>
    <File Path="$PSRCDIR/sources_1/new/men_stage.v">
      <FileInfo>
        <Attr Name="UsedIn" Val="synthesis"/>
        <Attr Name="UsedIn" Val="implementation"/>
        <Attr Name="UsedIn" Val="simulation"/>
      </FileInfo>
    </File>
    <File Path="$PSRCDIR/sources_1/new/mux.v">
      <FileInfo>
        <Attr Name="UsedIn" Val="synthesis"/>
        <Attr Name="UsedIn" Val="implementation"/>
        <Attr Name="UsedIn" Val="simulation"/>
      </FileInfo>
    </File>
    <File Path="$PSRCDIR/sources_1/new/mux3_1.v">
      <FileInfo>
        <Attr Name="UsedIn" Val="synthesis"/>
        <Attr Name="UsedIn" Val="implementation"/>
        <Attr Name="UsedIn" Val="simulation"/>
      </FileInfo>
    </File>
    <File Path="$PSRCDIR/sources_1/new/pc_reg.v">
      <FileInfo>
        <Attr Name="UsedIn" Val="synthesis"/>
        <Attr Name="UsedIn" Val="implementation"/>
        <Attr Name="UsedIn" Val="simulation"/>
      </FileInfo>
    </File>
    <File Path="$PSRCDIR/sources_1/new/registers.v">
      <FileInfo>
        <Attr Name="UsedIn" Val="synthesis"/>
        <Attr Name="UsedIn" Val="implementation"/>
        <Attr Name="UsedIn" Val="simulation"/>
      </FileInfo>
    </File>
    <File Path="$PSRCDIR/sources_1/new/riscv.v">
      <FileInfo>
        <Attr Name="UsedIn" Val="synthesis"/>
        <Attr Name="UsedIn" Val="implementation"/>
        <Attr Name="UsedIn" Val="simulation"/>
      </FileInfo>
    </File>
    <File Path="$PSRCDIR/sources_1/new/vga.v">
      <FileInfo>
        <Attr Name="UsedIn" Val="synthesis"/>
        <Attr Name="UsedIn" Val="implementation"/>
        <Attr Name="UsedIn" Val="simulation"/>
      </FileInfo>
    </File>
    <File Path="$PSRCDIR/sources_1/new/wb_stage.v">
      <FileInfo>
        <Attr Name="UsedIn" Val="synthesis"/>
        <Attr Name="UsedIn" Val="implementation"/>
        <Attr Name="UsedIn" Val="simulation"/>
      </FileInfo>
    </File>
    <File Path="$PSRCDIR/sources_1/new/riscv_top.v">
      <FileInfo>
        <Attr Name="UsedIn" Val="synthesis"/>
        <Attr Name="UsedIn" Val="implementation"/>
        <Attr Name="UsedIn" Val="simulation"/>
      </FileInfo>
    </File>
    <File Path="$PSRCDIR/sources_1/new/slow_clk.v">
      <FileInfo>
        <Attr Name="AutoDisabled" Val="1"/>
        <Attr Name="UsedIn" Val="synthesis"/>
        <Attr Name="UsedIn" Val="implementation"/>
        <Attr Name="UsedIn" Val="simulation"/>
      </FileInfo>
    </File>
    <File Path="$PSRCDIR/sources_1/new/instr_memory.v">
      <FileInfo>
        <Attr Name="AutoDisabled" Val="1"/>
        <Attr Name="UsedIn" Val="synthesis"/>
        <Attr Name="UsedIn" Val="implementation"/>
        <Attr Name="UsedIn" Val="simulation"/>
      </FileInfo>
    </File>
    <File Path="$PSRCDIR/sources_1/new/data_memory.v">
      <FileInfo>
        <Attr Name="AutoDisabled" Val="1"/>
        <Attr Name="UsedIn" Val="synthesis"/>
        <Attr Name="UsedIn" Val="implementation"/>
        <Attr Name="UsedIn" Val="simulation"/>
      </FileInfo>
    </File>
    <File Path="$PSRCDIR/sources_1/ip/instr_memory.coe">
      <FileInfo>
        <Attr Name="UsedIn" Val="synthesis"/>
        <Attr Name="UsedIn" Val="simulation"/>
      </FileInfo>
    </File>
    <Config>
      <Option Name="DesignMode" Val="RTL"/>
      <Option Name="TopModule" Val="riscv_top"/>
      <Option Name="TopAutoSet" Val="TRUE"/>
    </Config>
  </FileSet>
  <FileSet Name="constrs_in" Type="Constrs" RelSrcDir="$PSRCDIR/constrs_1">
    <Filter Type="Constrs"/>
    <File Path="$PSRCDIR/constrs_1/new/vga.xdc">
      <FileInfo>
        <Attr Name="UsedIn" Val="synthesis"/>
        <Attr Name="UsedIn" Val="implementation"/>
      </FileInfo>
    </File>
    <Config>
      <Option Name="TargetConstrsFile" Val="$PSRCDIR/constrs_1/new/vga.xdc"/>
      <Option Name="ConstrsType" Val="XDC"/>
    </Config>
  </FileSet>
  <FileSet Name="utils" Type="Utils" RelSrcDir="$PSRCDIR/utils_1">
    <Filter Type="Utils"/>
    <Config>
      <Option Name="TopAutoSet" Val="TRUE"/>
    </Config>
  </FileSet>
  <Strategy Version="1" Minor="2">
    <StratHandle Name="Vivado Implementation Defaults" Flow="Vivado Implementation 2019"/>
    <Step Id="init_design"/>
    <Step Id="opt_design"/>
    <Step Id="power_opt_design"/>
    <Step Id="place_design"/>
    <Step Id="post_place_power_opt_design"/>
    <Step Id="phys_opt_design" EnableStepBool="1"/>
    <Step Id="route_design"/>
    <Step Id="post_route_phys_opt_design"/>
    <Step Id="write_bitstream"/>
  </Strategy>
  <BlockFileSet Type="BlockSrcs" Name="clk_wiz"/>
  <BlockFileSet Type="BlockSrcs" Name="dist_mem_gen_0"/>
</GenRun>
